model,Epoch,Framework,Framework_mean,Framework_std,Value,std
LeNet-5,1,Keras,Keras (mean),Keras (std),0.8513383208469696,0.00938251111164956
LeNet-5,2,Keras,Keras (mean),Keras (std),0.9609666646377899,0.001302990402668049
LeNet-5,3,Keras,Keras (mean),Keras (std),0.9715900005206176,0.0010201279449477097
LeNet-5,4,Keras,Keras (mean),Keras (std),0.9768299996208893,0.0007848428165812995
LeNet-5,5,Keras,Keras (mean),Keras (std),0.9801233411434935,0.0008130993085968135
LeNet-5,6,Keras,Keras (mean),Keras (std),0.9824849963027313,0.0003776737373914735
LeNet-5,7,Keras,Keras (mean),Keras (std),0.9842883348244202,0.0005125733461362661
LeNet-5,8,Keras,Keras (mean),Keras (std),0.9856050013775665,0.000377124373231797
LeNet-5,9,Keras,Keras (mean),Keras (std),0.9869849920913788,0.000761635024844246
LeNet-5,10,Keras,Keras (mean),Keras (std),0.9876833319166136,0.0004699259363844755
LeNet-5,11,Keras,Keras (mean),Keras (std),0.988521665311438,0.00021782804756806067
LeNet-5,12,Keras,Keras (mean),Keras (std),0.9893866658874757,0.0003615368699029242
LeNet-5,13,Keras,Keras (mean),Keras (std),0.9901233315232636,0.00036895161379096907
LeNet-5,14,Keras,Keras (mean),Keras (std),0.9905816673416931,0.0003609000895142318
LeNet-5,15,Keras,Keras (mean),Keras (std),0.9912199973429656,0.0003305550935470881
LeNet-5,16,Keras,Keras (mean),Keras (std),0.991640001490735,0.0002552956267739714
LeNet-5,17,Keras,Keras (mean),Keras (std),0.9920883356449524,0.00026667875850590507
LeNet-5,18,Keras,Keras (mean),Keras (std),0.9924916684912933,0.0003529281118751991
LeNet-5,19,Keras,Keras (mean),Keras (std),0.992780000157849,0.0005626708477440671
LeNet-5,20,Keras,Keras (mean),Keras (std),0.9933783292049043,0.00037074238807032096
LeNet-5,21,Keras,Keras (mean),Keras (std),0.9933216631803832,0.00024530637420794966
LeNet-5,22,Keras,Keras (mean),Keras (std),0.9939350009707457,0.000389046987141804
LeNet-5,23,Keras,Keras (mean),Keras (std),0.9940200030816557,0.00031771017933550935
LeNet-5,24,Keras,Keras (mean),Keras (std),0.9942450046346009,0.0002574527793185692
LeNet-5,25,Keras,Keras (mean),Keras (std),0.9946783365065339,0.00037057808775529835
LeNet-5,26,Keras,Keras (mean),Keras (std),0.994731676729425,0.00034660056725990357
LeNet-5,27,Keras,Keras (mean),Keras (std),0.9948816657467834,0.00033890872252309947
LeNet-5,28,Keras,Keras (mean),Keras (std),0.9950266719133392,0.0003326059324178028
LeNet-5,29,Keras,Keras (mean),Keras (std),0.9952416658122681,0.0003875334138991524
LeNet-5,30,Keras,Keras (mean),Keras (std),0.9954966783607514,0.0002526317272219374
LeNet-5,31,Keras,Keras (mean),Keras (std),0.9956033230194306,0.00026653649882286983
LeNet-5,32,Keras,Keras (mean),Keras (std),0.9957966686183595,0.00026933976371514706
LeNet-5,33,Keras,Keras (mean),Keras (std),0.9957016586081634,0.00038286391073644887
LeNet-5,34,Keras,Keras (mean),Keras (std),0.9960283280183594,0.00019507995850020403
LeNet-5,35,Keras,Keras (mean),Keras (std),0.9962850092736482,0.00033825685339093956
LeNet-5,36,Keras,Keras (mean),Keras (std),0.9961916745299835,0.00027062870023539324
LeNet-5,37,Keras,Keras (mean),Keras (std),0.996395009684201,0.0002809748721460572
LeNet-5,38,Keras,Keras (mean),Keras (std),0.9964833320773956,0.0003193002242973006
LeNet-5,39,Keras,Keras (mean),Keras (std),0.9964866638135407,0.00026223491296483836
LeNet-5,40,Keras,Keras (mean),Keras (std),0.9967283366732911,0.0002473244489229799
LeNet-5,41,Keras,Keras (mean),Keras (std),0.996693336973291,0.00015673728056349732
LeNet-5,42,Keras,Keras (mean),Keras (std),0.9968800127146119,0.00028360965972597425
LeNet-5,43,Keras,Keras (mean),Keras (std),0.9968266607722198,0.0002526739989844856
LeNet-5,44,Keras,Keras (mean),Keras (std),0.9970666707913635,0.00026056536726752947
LeNet-5,45,Keras,Keras (mean),Keras (std),0.9970883369793823,0.0002274352261409283
LeNet-5,46,Keras,Keras (mean),Keras (std),0.9971783400564911,0.00036999974326768376
LeNet-5,47,Keras,Keras (mean),Keras (std),0.9972749948083649,0.00029601512999182395
LeNet-5,48,Keras,Keras (mean),Keras (std),0.9973116694377046,0.00028216218987263533
LeNet-5,49,Keras,Keras (mean),Keras (std),0.997388339167401,0.00018945029307416815
LeNet-5,50,Keras,Keras (mean),Keras (std),0.9974983274681153,0.0001798942707604083
ResNet-18,1,Keras,Keras (mean),Keras (std),0.40253749787807463,0.0030449216285410264
ResNet-18,2,Keras,Keras (mean),Keras (std),0.5585924923419953,0.0036384791609782832
ResNet-18,3,Keras,Keras (mean),Keras (std),0.645090001821518,0.0033106405217491947
ResNet-18,4,Keras,Keras (mean),Keras (std),0.715340006351471,0.004545435450136253
ResNet-18,5,Keras,Keras (mean),Keras (std),0.7828975081443786,0.004404473512371199
ResNet-18,6,Keras,Keras (mean),Keras (std),0.8507475078105926,0.0038638175161850737
ResNet-18,7,Keras,Keras (mean),Keras (std),0.9133875012397766,0.005199060524681981
ResNet-18,8,Keras,Keras (mean),Keras (std),0.9617524981498718,0.003523522559891405
ResNet-18,9,Keras,Keras (mean),Keras (std),0.9880249917507171,0.0017354076828619573
ResNet-18,10,Keras,Keras (mean),Keras (std),0.9971624970436096,0.0009584075317975004
ResNet-18,11,Keras,Keras (mean),Keras (std),0.9991575062274933,0.0003372811637029148
ResNet-18,12,Keras,Keras (mean),Keras (std),0.9998174905776978,0.00010956680730795685
ResNet-18,13,Keras,Keras (mean),Keras (std),0.9998950064182281,6.689050496398384e-05
ResNet-18,14,Keras,Keras (mean),Keras (std),0.9999400019645691,4.6371932505277965e-05
ResNet-18,15,Keras,Keras (mean),Keras (std),0.9999725103378296,2.839007210682982e-05
ResNet-18,16,Keras,Keras (mean),Keras (std),0.9999750077724456,2.4998191571769794e-05
ResNet-18,17,Keras,Keras (mean),Keras (std),0.9999900102615357,1.223488095070826e-05
ResNet-18,18,Keras,Keras (mean),Keras (std),0.9999925076961518,1.1444683171379335e-05
ResNet-18,19,Keras,Keras (mean),Keras (std),0.9999875068664551,2.3041373320587817e-05
ResNet-18,20,Keras,Keras (mean),Keras (std),0.9999625027179718,9.634711105871454e-05
ResNet-18,21,Keras,Keras (mean),Keras (std),0.9999825060367584,2.5120260685789283e-05
ResNet-18,22,Keras,Keras (mean),Keras (std),0.9999900043010712,2.290627592119477e-05
ResNet-18,23,Keras,Keras (mean),Keras (std),0.9999975025653839,7.492303848233295e-06
ResNet-18,24,Keras,Keras (mean),Keras (std),0.9999875068664551,1.6766632954370342e-05
ResNet-18,25,Keras,Keras (mean),Keras (std),0.9999975025653839,7.492303848233294e-06
ResNet-18,26,Keras,Keras (mean),Keras (std),0.9999949991703033,1.500248908996582e-05
ResNet-18,27,Keras,Keras (mean),Keras (std),0.9999975025653839,7.492303848233294e-06
ResNet-18,28,Keras,Keras (mean),Keras (std),0.9999750077724456,5.915298431818841e-05
ResNet-18,29,Keras,Keras (mean),Keras (std),0.9999950051307678,9.989738464311058e-06
ResNet-18,30,Keras,Keras (mean),Keras (std),0.9999925017356872,1.6007211045704426e-05
ResNet-18,31,Keras,Keras (mean),Keras (std),0.9999800026416779,5.220106085058025e-05
ResNet-18,32,Keras,Keras (mean),Keras (std),0.9999925076961518,1.1444683171379335e-05
ResNet-18,33,Keras,Keras (mean),Keras (std),1.0,0.0
ResNet-18,34,Keras,Keras (mean),Keras (std),1.0,0.0
ResNet-18,35,Keras,Keras (mean),Keras (std),0.9999975025653839,7.492303848233295e-06
ResNet-18,36,Keras,Keras (mean),Keras (std),1.0,0.0
ResNet-18,37,Keras,Keras (mean),Keras (std),0.9999925017356872,1.6007211045704426e-05
ResNet-18,38,Keras,Keras (mean),Keras (std),0.9999975025653839,7.492303848233294e-06
ResNet-18,39,Keras,Keras (mean),Keras (std),0.9999975025653839,7.492303848233294e-06
ResNet-18,40,Keras,Keras (mean),Keras (std),1.0,0.0
ResNet-18,41,Keras,Keras (mean),Keras (std),0.9999975025653839,7.492303848233294e-06
ResNet-18,42,Keras,Keras (mean),Keras (std),1.0,0.0
ResNet-18,43,Keras,Keras (mean),Keras (std),0.9999975025653839,7.492303848233294e-06
ResNet-18,44,Keras,Keras (mean),Keras (std),1.0,0.0
ResNet-18,45,Keras,Keras (mean),Keras (std),0.9999825060367584,1.95254345162919e-05
ResNet-18,46,Keras,Keras (mean),Keras (std),0.9999774992465973,5.297426139205615e-05
ResNet-18,47,Keras,Keras (mean),Keras (std),1.0,0.0
ResNet-18,48,Keras,Keras (mean),Keras (std),1.0,0.0
ResNet-18,49,Keras,Keras (mean),Keras (std),1.0,0.0
ResNet-18,50,Keras,Keras (mean),Keras (std),0.9999925017356872,1.6007211045704426e-05
VGG,1,Keras,Keras (mean),Keras (std),0.324022501707077,0.005514176589655324
VGG,2,Keras,Keras (mean),Keras (std),0.48257500529289243,0.01014877021173877
VGG,3,Keras,Keras (mean),Keras (std),0.5727074980735779,0.010038092813173097
VGG,4,Keras,Keras (mean),Keras (std),0.637422502040863,0.009806711659524141
VGG,5,Keras,Keras (mean),Keras (std),0.6895824909210205,0.009933419621809415
VGG,6,Keras,Keras (mean),Keras (std),0.7317550003528595,0.009784918715970049
VGG,7,Keras,Keras (mean),Keras (std),0.7704549968242645,0.009789088696603818
VGG,8,Keras,Keras (mean),Keras (std),0.8074050009250641,0.009977575859617917
VGG,9,Keras,Keras (mean),Keras (std),0.8412725031375885,0.008645347765276245
VGG,10,Keras,Keras (mean),Keras (std),0.8736675024032593,0.0077845581188767075
VGG,11,Keras,Keras (mean),Keras (std),0.9019449889659882,0.008159444754226183
VGG,12,Keras,Keras (mean),Keras (std),0.9270924866199494,0.006472263714508435
VGG,13,Keras,Keras (mean),Keras (std),0.9472574949264526,0.005371368338626771
VGG,14,Keras,Keras (mean),Keras (std),0.9630925059318542,0.004997577036255104
VGG,15,Keras,Keras (mean),Keras (std),0.9726774990558624,0.004429163522728649
VGG,16,Keras,Keras (mean),Keras (std),0.9790800034999847,0.0016843334200310682
VGG,17,Keras,Keras (mean),Keras (std),0.9839950025081634,0.0019207072929762147
VGG,18,Keras,Keras (mean),Keras (std),0.9878175020217895,0.001513701072901646
VGG,19,Keras,Keras (mean),Keras (std),0.990384989976883,0.0015944857310201232
VGG,20,Keras,Keras (mean),Keras (std),0.9925625026226044,0.0015153814459265922
VGG,21,Keras,Keras (mean),Keras (std),0.994365006685257,0.0012305540326789082
VGG,22,Keras,Keras (mean),Keras (std),0.9947250008583068,0.0018495271557355116
VGG,23,Keras,Keras (mean),Keras (std),0.9963800072669983,0.0017257865911048656
VGG,24,Keras,Keras (mean),Keras (std),0.997094988822937,0.0012202381880409136
VGG,25,Keras,Keras (mean),Keras (std),0.997807502746582,0.0008795584541256754
VGG,26,Keras,Keras (mean),Keras (std),0.9981225073337555,0.0006609079583956575
VGG,27,Keras,Keras (mean),Keras (std),0.9981949985027313,0.0009949071585684563
VGG,28,Keras,Keras (mean),Keras (std),0.9983749985694885,0.0011324879539640032
VGG,29,Keras,Keras (mean),Keras (std),0.9984974980354309,0.0008295590032846832
VGG,30,Keras,Keras (mean),Keras (std),0.9986225068569183,0.000847310601400428
VGG,31,Keras,Keras (mean),Keras (std),0.998532497882843,0.000965201872520896
VGG,32,Keras,Keras (mean),Keras (std),0.9984800040721893,0.0012988293650463714
VGG,33,Keras,Keras (mean),Keras (std),0.9986400067806244,0.001438293924589962
VGG,34,Keras,Keras (mean),Keras (std),0.998722505569458,0.0016859212150078374
VGG,35,Keras,Keras (mean),Keras (std),0.9983524918556214,0.0026041871732327805
VGG,36,Keras,Keras (mean),Keras (std),0.9978375017642975,0.0044637284690345275
VGG,37,Keras,Keras (mean),Keras (std),0.997299998998642,0.0052735689346592556
VGG,38,Keras,Keras (mean),Keras (std),0.997269994020462,0.005211356589994833
VGG,39,Keras,Keras (mean),Keras (std),0.9970699965953826,0.005013006364831742
VGG,40,Keras,Keras (mean),Keras (std),0.9951550006866455,0.007144965669592736
VGG,41,Keras,Keras (mean),Keras (std),0.9938000082969666,0.0094004822891995
VGG,42,Keras,Keras (mean),Keras (std),0.9918925106525421,0.013548448915750933
VGG,43,Keras,Keras (mean),Keras (std),0.9927275002002716,0.012347225592546973
VGG,44,Keras,Keras (mean),Keras (std),0.9942924916744232,0.009712114488780905
VGG,45,Keras,Keras (mean),Keras (std),0.9960200071334839,0.006664735016568664
VGG,46,Keras,Keras (mean),Keras (std),0.9965974986553192,0.004897604378354781
VGG,47,Keras,Keras (mean),Keras (std),0.9962574958801269,0.005333815198965877
VGG,48,Keras,Keras (mean),Keras (std),0.9925100088119507,0.016821453383571546
VGG,49,Keras,Keras (mean),Keras (std),0.9939824998378753,0.014651179714500844
VGG,50,Keras,Keras (mean),Keras (std),0.9964024960994721,0.007785948391217317
LSTM,1,Keras,Keras (mean),Keras (std),0.8347825109958649,0.004705939830463148
LSTM,2,Keras,Keras (mean),Keras (std),0.9434775054454804,0.0014824550152004363
LSTM,3,Keras,Keras (mean),Keras (std),0.9734050035476685,0.0024693084504550135
LSTM,4,Keras,Keras (mean),Keras (std),0.9847849905490875,0.0012609170612817115
LSTM,5,Keras,Keras (mean),Keras (std),0.9884050011634826,0.0012164970238598078
LSTM,6,Keras,Keras (mean),Keras (std),0.9915574967861176,0.0014092577382487533
LSTM,7,Keras,Keras (mean),Keras (std),0.9923374950885773,0.003367197405860384
LSTM,8,Keras,Keras (mean),Keras (std),0.9926425039768219,0.003927437490052822
LSTM,9,Keras,Keras (mean),Keras (std),0.995644998550415,0.0012941467539735142
LSTM,10,Keras,Keras (mean),Keras (std),0.9961650013923645,0.0011972999366089672
LSTM,11,Keras,Keras (mean),Keras (std),0.9965000033378602,0.0007781432642738886
LSTM,12,Keras,Keras (mean),Keras (std),0.9972299933433533,0.0008660054590308951
LSTM,13,Keras,Keras (mean),Keras (std),0.9970100045204162,0.0012699554079376022
LSTM,14,Keras,Keras (mean),Keras (std),0.9970900058746338,0.000925547571685959
LSTM,15,Keras,Keras (mean),Keras (std),0.9975825011730194,0.0009246706185128345
LSTM,16,Keras,Keras (mean),Keras (std),0.9979875087738037,0.0007418120633149672
LSTM,17,Keras,Keras (mean),Keras (std),0.9980775058269501,0.0006726275243973732
LSTM,18,Keras,Keras (mean),Keras (std),0.9979374945163727,0.0011001285811319216
LSTM,19,Keras,Keras (mean),Keras (std),0.9984800040721893,0.0008090730587134226
LSTM,20,Keras,Keras (mean),Keras (std),0.9985699892044068,0.0006651857795435718
LSTM,21,Keras,Keras (mean),Keras (std),0.9986925065517426,0.00031086063995655605
LSTM,22,Keras,Keras (mean),Keras (std),0.9986275136470795,0.0007857661391054164
LSTM,23,Keras,Keras (mean),Keras (std),0.9985700011253357,0.0006410655698036609
LSTM,24,Keras,Keras (mean),Keras (std),0.998612505197525,0.0011116532196163442
LSTM,25,Keras,Keras (mean),Keras (std),0.9988700032234192,0.0004718114522989848
LSTM,26,Keras,Keras (mean),Keras (std),0.9988099992275238,0.00041476879872521036
LSTM,27,Keras,Keras (mean),Keras (std),0.9984974980354309,0.001009106096964927
LSTM,28,Keras,Keras (mean),Keras (std),0.9990700006484985,0.0005841393650370119
LSTM,29,Keras,Keras (mean),Keras (std),0.9992399990558625,0.0005592583001839111
LSTM,30,Keras,Keras (mean),Keras (std),0.9994050025939941,0.00044648314384280845
LSTM,31,Keras,Keras (mean),Keras (std),0.9989549934864044,0.0012545418861254314
LSTM,32,Keras,Keras (mean),Keras (std),0.9994024991989136,0.0005923016991508559
LSTM,33,Keras,Keras (mean),Keras (std),0.9995949983596801,0.0005546230957208946
LSTM,34,Keras,Keras (mean),Keras (std),0.9997249960899353,0.0003236568707142668
LSTM,35,Keras,Keras (mean),Keras (std),0.9994874954223633,0.0008702884508425374
LSTM,36,Keras,Keras (mean),Keras (std),0.9994899988174438,0.0010242188939548794
LSTM,37,Keras,Keras (mean),Keras (std),0.9997274994850158,0.0004812063605437247
LSTM,38,Keras,Keras (mean),Keras (std),0.9997549951076508,0.00045700447717064247
LSTM,39,Keras,Keras (mean),Keras (std),0.9999700009822845,5.9993068665045776e-05
LSTM,40,Keras,Keras (mean),Keras (std),0.9999949991703033,1.500248908996582e-05
LSTM,41,Keras,Keras (mean),Keras (std),0.9999949991703033,1.500248908996582e-05
LSTM,42,Keras,Keras (mean),Keras (std),0.9999949991703033,1.500248908996582e-05
LSTM,43,Keras,Keras (mean),Keras (std),0.9999949991703033,1.500248908996582e-05
LSTM,44,Keras,Keras (mean),Keras (std),0.9997874975204468,0.0006375074386596679
LSTM,45,Keras,Keras (mean),Keras (std),0.999370002746582,0.001889991760253873
LSTM,46,Keras,Keras (mean),Keras (std),0.9998849987983703,0.00034500360488891606
LSTM,47,Keras,Keras (mean),Keras (std),0.9999149978160858,0.00025500655174255367
LSTM,48,Keras,Keras (mean),Keras (std),0.9999575018882751,0.00012749433517452726
LSTM,49,Keras,Keras (mean),Keras (std),0.9999925017356872,2.2494792938232424e-05
LSTM,50,Keras,Keras (mean),Keras (std),0.9999899983406066,3.0004978179964945e-05
GRU,1,Keras,Keras (mean),Keras (std),0.8253824949264527,0.0060666057209407985
GRU,2,Keras,Keras (mean),Keras (std),0.9468874871730805,0.004197414080837455
GRU,3,Keras,Keras (mean),Keras (std),0.9849475026130676,0.003352043181025979
GRU,4,Keras,Keras (mean),Keras (std),0.9954674959182739,0.001336128985905181
GRU,5,Keras,Keras (mean),Keras (std),0.9978150069713593,0.0006689775852363294
GRU,6,Keras,Keras (mean),Keras (std),0.9984875023365021,0.0003292508053347637
GRU,7,Keras,Keras (mean),Keras (std),0.9988649904727935,0.00044849483418185664
GRU,8,Keras,Keras (mean),Keras (std),0.9988375067710876,0.0003757074446181289
GRU,9,Keras,Keras (mean),Keras (std),0.9989675045013428,0.000480634226687409
GRU,10,Keras,Keras (mean),Keras (std),0.9988525032997131,0.00065608249300101
GRU,11,Keras,Keras (mean),Keras (std),0.99911749958992,0.000459221066895721
GRU,12,Keras,Keras (mean),Keras (std),0.9994175016880036,0.0003078209028056677
GRU,13,Keras,Keras (mean),Keras (std),0.9994849979877471,0.00044835820302429165
GRU,14,Keras,Keras (mean),Keras (std),0.999572503566742,0.0003397534120838531
GRU,15,Keras,Keras (mean),Keras (std),0.999524998664856,0.0004311273884572054
GRU,16,Keras,Keras (mean),Keras (std),0.999685001373291,0.00031803996001658304
GRU,17,Keras,Keras (mean),Keras (std),0.9995850086212158,0.00039814499495532317
GRU,18,Keras,Keras (mean),Keras (std),0.9993624985218048,0.0006727085698340674
GRU,19,Keras,Keras (mean),Keras (std),0.9996649980545044,0.0003855589492618231
GRU,20,Keras,Keras (mean),Keras (std),0.9998750030994416,0.0002156308353543832
GRU,21,Keras,Keras (mean),Keras (std),0.9998825073242188,0.0002310425988591953
GRU,22,Keras,Keras (mean),Keras (std),0.9998950004577637,0.0002039658406646649
GRU,23,Keras,Keras (mean),Keras (std),0.9999300062656402,0.00014738957462210697
GRU,24,Keras,Keras (mean),Keras (std),0.9998650014400482,0.00032848351236920297
GRU,25,Keras,Keras (mean),Keras (std),0.9999625027179718,9.0308383644327e-05
GRU,26,Keras,Keras (mean),Keras (std),0.9999725043773651,7.453493526373031e-05
GRU,27,Keras,Keras (mean),Keras (std),0.9999724984169006,8.25047492980957e-05
GRU,28,Keras,Keras (mean),Keras (std),0.9999875009059906,3.749728202819824e-05
GRU,29,Keras,Keras (mean),Keras (std),0.9998799979686737,0.00036000609397884853
GRU,30,Keras,Keras (mean),Keras (std),0.9999300003051758,0.00020999908447265627
GRU,31,Keras,Keras (mean),Keras (std),0.9999674975872039,9.750723838806152e-05
GRU,32,Keras,Keras (mean),Keras (std),0.9999549984931946,0.00013500452041625977
GRU,33,Keras,Keras (mean),Keras (std),1.0,0.0
GRU,34,Keras,Keras (mean),Keras (std),1.0,0.0
GRU,35,Keras,Keras (mean),Keras (std),1.0,0.0
GRU,36,Keras,Keras (mean),Keras (std),1.0,0.0
GRU,37,Keras,Keras (mean),Keras (std),1.0,0.0
GRU,38,Keras,Keras (mean),Keras (std),1.0,0.0
GRU,39,Keras,Keras (mean),Keras (std),1.0,0.0
GRU,40,Keras,Keras (mean),Keras (std),1.0,0.0
GRU,41,Keras,Keras (mean),Keras (std),1.0,0.0
GRU,42,Keras,Keras (mean),Keras (std),1.0,0.0
GRU,43,Keras,Keras (mean),Keras (std),1.0,0.0
GRU,44,Keras,Keras (mean),Keras (std),1.0,0.0
GRU,45,Keras,Keras (mean),Keras (std),1.0,0.0
GRU,46,Keras,Keras (mean),Keras (std),1.0,0.0
GRU,47,Keras,Keras (mean),Keras (std),1.0,0.0
GRU,48,Keras,Keras (mean),Keras (std),1.0,0.0
GRU,49,Keras,Keras (mean),Keras (std),1.0,0.0
GRU,50,Keras,Keras (mean),Keras (std),1.0,0.0
LeNet-5,1,PyTorch,PyTorch (mean),PyTorch (std),0.73987,0.1926268519703315
LeNet-5,2,PyTorch,PyTorch (mean),PyTorch (std),0.9637100000000001,0.017320245379324153
LeNet-5,3,PyTorch,PyTorch (mean),PyTorch (std),0.9773400000000001,0.0059836777988123615
LeNet-5,4,PyTorch,PyTorch (mean),PyTorch (std),0.98149,0.004477376463957437
LeNet-5,5,PyTorch,PyTorch (mean),PyTorch (std),0.98421,0.0042316545227605714
LeNet-5,6,PyTorch,PyTorch (mean),PyTorch (std),0.9863099999999999,0.0038124663932944977
LeNet-5,7,PyTorch,PyTorch (mean),PyTorch (std),0.9875699999999998,0.004090977878209554
LeNet-5,8,PyTorch,PyTorch (mean),PyTorch (std),0.9926600000000001,0.0023418795869984362
LeNet-5,9,PyTorch,PyTorch (mean),PyTorch (std),0.9945999999999999,0.0020770170918892224
LeNet-5,10,PyTorch,PyTorch (mean),PyTorch (std),0.99537,0.0019834565788037725
LeNet-5,11,PyTorch,PyTorch (mean),PyTorch (std),0.9958099999999999,0.001885974549138997
LeNet-5,12,PyTorch,PyTorch (mean),PyTorch (std),0.9962300000000001,0.0017692088627406205
LeNet-5,13,PyTorch,PyTorch (mean),PyTorch (std),0.9965299999999999,0.0017332339715110713
LeNet-5,14,PyTorch,PyTorch (mean),PyTorch (std),0.9968299999999999,0.0016595481312694639
LeNet-5,15,PyTorch,PyTorch (mean),PyTorch (std),0.99719,0.0015227934856703353
LeNet-5,16,PyTorch,PyTorch (mean),PyTorch (std),0.99733,0.001464274564417489
LeNet-5,17,PyTorch,PyTorch (mean),PyTorch (std),0.99738,0.0014168980203246953
LeNet-5,18,PyTorch,PyTorch (mean),PyTorch (std),0.99739,0.0014383671297690426
LeNet-5,19,PyTorch,PyTorch (mean),PyTorch (std),0.99739,0.0014166509803053256
LeNet-5,20,PyTorch,PyTorch (mean),PyTorch (std),0.9974500000000001,0.0014122676800096988
LeNet-5,21,PyTorch,PyTorch (mean),PyTorch (std),0.99746,0.0014015705476357514
LeNet-5,22,PyTorch,PyTorch (mean),PyTorch (std),0.9975200000000001,0.00136367151469846
LeNet-5,23,PyTorch,PyTorch (mean),PyTorch (std),0.9975100000000001,0.0013597426227047503
LeNet-5,24,PyTorch,PyTorch (mean),PyTorch (std),0.9975100000000001,0.0013597426227047503
LeNet-5,25,PyTorch,PyTorch (mean),PyTorch (std),0.9975000000000002,0.0013805795884337805
LeNet-5,26,PyTorch,PyTorch (mean),PyTorch (std),0.9975000000000002,0.0013805795884337805
LeNet-5,27,PyTorch,PyTorch (mean),PyTorch (std),0.9975200000000001,0.0013702554506368476
LeNet-5,28,PyTorch,PyTorch (mean),PyTorch (std),0.9975200000000001,0.0013702554506368476
LeNet-5,29,PyTorch,PyTorch (mean),PyTorch (std),0.9975400000000001,0.0013602940858505536
LeNet-5,30,PyTorch,PyTorch (mean),PyTorch (std),0.9975400000000001,0.0013602940858505536
LeNet-5,31,PyTorch,PyTorch (mean),PyTorch (std),0.9975400000000001,0.0013602940858505536
LeNet-5,32,PyTorch,PyTorch (mean),PyTorch (std),0.9975400000000001,0.0013602940858505536
LeNet-5,33,PyTorch,PyTorch (mean),PyTorch (std),0.9975400000000001,0.0013602940858505536
LeNet-5,34,PyTorch,PyTorch (mean),PyTorch (std),0.9975400000000001,0.0013602940858505536
LeNet-5,35,PyTorch,PyTorch (mean),PyTorch (std),0.9975400000000001,0.0013602940858505536
LeNet-5,36,PyTorch,PyTorch (mean),PyTorch (std),0.9975400000000001,0.0013602940858505536
LeNet-5,37,PyTorch,PyTorch (mean),PyTorch (std),0.9975400000000001,0.0013602940858505536
LeNet-5,38,PyTorch,PyTorch (mean),PyTorch (std),0.9975400000000001,0.0013602940858505536
LeNet-5,39,PyTorch,PyTorch (mean),PyTorch (std),0.9975400000000001,0.0013602940858505536
LeNet-5,40,PyTorch,PyTorch (mean),PyTorch (std),0.9975400000000001,0.0013602940858505536
LeNet-5,41,PyTorch,PyTorch (mean),PyTorch (std),0.9975400000000001,0.0013602940858505536
LeNet-5,42,PyTorch,PyTorch (mean),PyTorch (std),0.9975400000000001,0.0013602940858505536
LeNet-5,43,PyTorch,PyTorch (mean),PyTorch (std),0.9975400000000001,0.0013602940858505536
LeNet-5,44,PyTorch,PyTorch (mean),PyTorch (std),0.9975400000000001,0.0013602940858505536
LeNet-5,45,PyTorch,PyTorch (mean),PyTorch (std),0.9975400000000001,0.0013602940858505536
LeNet-5,46,PyTorch,PyTorch (mean),PyTorch (std),0.9975400000000001,0.0013602940858505536
LeNet-5,47,PyTorch,PyTorch (mean),PyTorch (std),0.9975400000000001,0.0013602940858505536
LeNet-5,48,PyTorch,PyTorch (mean),PyTorch (std),0.9975400000000001,0.0013602940858505536
LeNet-5,49,PyTorch,PyTorch (mean),PyTorch (std),0.9975400000000001,0.0013602940858505536
LeNet-5,50,PyTorch,PyTorch (mean),PyTorch (std),0.9975400000000001,0.0013602940858505536
ResNet-18,1,PyTorch,PyTorch (mean),PyTorch (std),0.5379,0.002141961717678443
ResNet-18,2,PyTorch,PyTorch (mean),PyTorch (std),0.68574,0.0014437451298619272
ResNet-18,3,PyTorch,PyTorch (mean),PyTorch (std),0.72974,0.001925720644330338
ResNet-18,4,PyTorch,PyTorch (mean),PyTorch (std),0.75686,0.0007644605941446657
ResNet-18,5,PyTorch,PyTorch (mean),PyTorch (std),0.77575,0.0013109157104863709
ResNet-18,6,PyTorch,PyTorch (mean),PyTorch (std),0.78994,0.00145753216088016
ResNet-18,7,PyTorch,PyTorch (mean),PyTorch (std),0.8017299999999998,0.0011645170672858337
ResNet-18,8,PyTorch,PyTorch (mean),PyTorch (std),0.81695,0.0013588598161694298
ResNet-18,9,PyTorch,PyTorch (mean),PyTorch (std),0.82027,0.0011798728745080953
ResNet-18,10,PyTorch,PyTorch (mean),PyTorch (std),0.8217000000000001,0.001854723699099146
ResNet-18,11,PyTorch,PyTorch (mean),PyTorch (std),0.82424,0.0010219589032832953
ResNet-18,12,PyTorch,PyTorch (mean),PyTorch (std),0.8250399999999999,0.0007605261336732573
ResNet-18,13,PyTorch,PyTorch (mean),PyTorch (std),0.8261199999999999,0.00169634902069118
ResNet-18,14,PyTorch,PyTorch (mean),PyTorch (std),0.82775,0.001038508545944614
ResNet-18,15,PyTorch,PyTorch (mean),PyTorch (std),0.82912,0.0015580757362850057
ResNet-18,16,PyTorch,PyTorch (mean),PyTorch (std),0.8299899999999999,0.0012910848151844979
ResNet-18,17,PyTorch,PyTorch (mean),PyTorch (std),0.8302400000000001,0.0009112628599915482
ResNet-18,18,PyTorch,PyTorch (mean),PyTorch (std),0.8296000000000001,0.0015277434339574223
ResNet-18,19,PyTorch,PyTorch (mean),PyTorch (std),0.83023,0.0006885491994040912
ResNet-18,20,PyTorch,PyTorch (mean),PyTorch (std),0.8302400000000001,0.0013499629624549193
ResNet-18,21,PyTorch,PyTorch (mean),PyTorch (std),0.83004,0.0009941830817309456
ResNet-18,22,PyTorch,PyTorch (mean),PyTorch (std),0.8308199999999999,0.0012073110618229157
ResNet-18,23,PyTorch,PyTorch (mean),PyTorch (std),0.8308899999999999,0.0007272551134230634
ResNet-18,24,PyTorch,PyTorch (mean),PyTorch (std),0.83086,0.0019027348738066476
ResNet-18,25,PyTorch,PyTorch (mean),PyTorch (std),0.83063,0.0009295697929687559
ResNet-18,26,PyTorch,PyTorch (mean),PyTorch (std),0.83079,0.0011264546151532064
ResNet-18,27,PyTorch,PyTorch (mean),PyTorch (std),0.83108,0.0015124814048443746
ResNet-18,28,PyTorch,PyTorch (mean),PyTorch (std),0.8305900000000002,0.0013232157798333667
ResNet-18,29,PyTorch,PyTorch (mean),PyTorch (std),0.83087,0.0008672369918309519
ResNet-18,30,PyTorch,PyTorch (mean),PyTorch (std),0.8306800000000001,0.000987724657989278
ResNet-18,31,PyTorch,PyTorch (mean),PyTorch (std),0.8306699999999999,0.0013675159962501379
ResNet-18,32,PyTorch,PyTorch (mean),PyTorch (std),0.83115,0.0009135097153287409
ResNet-18,33,PyTorch,PyTorch (mean),PyTorch (std),0.8308300000000001,0.0011243220179290158
ResNet-18,34,PyTorch,PyTorch (mean),PyTorch (std),0.83101,0.0011768177428981754
ResNet-18,35,PyTorch,PyTorch (mean),PyTorch (std),0.8309200000000001,0.0011043550153822872
ResNet-18,36,PyTorch,PyTorch (mean),PyTorch (std),0.83101,0.0008836854644046013
ResNet-18,37,PyTorch,PyTorch (mean),PyTorch (std),0.83126,0.0012877888025604252
ResNet-18,38,PyTorch,PyTorch (mean),PyTorch (std),0.83025,0.0007839005038906645
ResNet-18,39,PyTorch,PyTorch (mean),PyTorch (std),0.8310000000000001,0.0010611314715905883
ResNet-18,40,PyTorch,PyTorch (mean),PyTorch (std),0.8301399999999999,0.0012626955294131592
ResNet-18,41,PyTorch,PyTorch (mean),PyTorch (std),0.83056,0.0009488940931421101
ResNet-18,42,PyTorch,PyTorch (mean),PyTorch (std),0.8303499999999999,0.0015409412707822674
ResNet-18,43,PyTorch,PyTorch (mean),PyTorch (std),0.8308499999999999,0.0012619429464124008
ResNet-18,44,PyTorch,PyTorch (mean),PyTorch (std),0.83051,0.0011768177428981871
ResNet-18,45,PyTorch,PyTorch (mean),PyTorch (std),0.83041,0.0005872818744010352
ResNet-18,46,PyTorch,PyTorch (mean),PyTorch (std),0.83118,0.0008795453370918147
ResNet-18,47,PyTorch,PyTorch (mean),PyTorch (std),0.8307400000000001,0.001395850994913139
ResNet-18,48,PyTorch,PyTorch (mean),PyTorch (std),0.8299699999999998,0.0012133012816279497
ResNet-18,49,PyTorch,PyTorch (mean),PyTorch (std),0.8310000000000001,0.0015817711591756929
ResNet-18,50,PyTorch,PyTorch (mean),PyTorch (std),0.83116,0.0011359577456930385
VGG,1,PyTorch,PyTorch (mean),PyTorch (std),0.5620100000000001,0.0047582454749623875
VGG,2,PyTorch,PyTorch (mean),PyTorch (std),0.7444299999999999,0.0020248703662210012
VGG,3,PyTorch,PyTorch (mean),PyTorch (std),0.78989,0.001722469157924178
VGG,4,PyTorch,PyTorch (mean),PyTorch (std),0.81656,0.0008368990381163152
VGG,5,PyTorch,PyTorch (mean),PyTorch (std),0.83457,0.001704142012861615
VGG,6,PyTorch,PyTorch (mean),PyTorch (std),0.8485400000000001,0.0012330450113438652
VGG,7,PyTorch,PyTorch (mean),PyTorch (std),0.86053,0.001100954131651278
VGG,8,PyTorch,PyTorch (mean),PyTorch (std),0.8723599999999999,0.0011859173664298867
VGG,9,PyTorch,PyTorch (mean),PyTorch (std),0.87538,0.0008364209466530348
VGG,10,PyTorch,PyTorch (mean),PyTorch (std),0.8764200000000001,0.001666013205229758
VGG,11,PyTorch,PyTorch (mean),PyTorch (std),0.8779999999999999,0.0005549774770204632
VGG,12,PyTorch,PyTorch (mean),PyTorch (std),0.8792899999999999,0.0008067837380612004
VGG,13,PyTorch,PyTorch (mean),PyTorch (std),0.8803599999999999,0.0010836973747315357
VGG,14,PyTorch,PyTorch (mean),PyTorch (std),0.88261,0.0010123734488813852
VGG,15,PyTorch,PyTorch (mean),PyTorch (std),0.8834499999999998,0.0010042410069301276
VGG,16,PyTorch,PyTorch (mean),PyTorch (std),0.8834099999999999,0.0010921996154549783
VGG,17,PyTorch,PyTorch (mean),PyTorch (std),0.8833400000000001,0.0010938007131100149
VGG,18,PyTorch,PyTorch (mean),PyTorch (std),0.8838100000000001,0.0012501599897613274
VGG,19,PyTorch,PyTorch (mean),PyTorch (std),0.88365,0.001114674840480393
VGG,20,PyTorch,PyTorch (mean),PyTorch (std),0.8842700000000001,0.001452618325645121
VGG,21,PyTorch,PyTorch (mean),PyTorch (std),0.8842700000000001,0.0013565028566132605
VGG,22,PyTorch,PyTorch (mean),PyTorch (std),0.8841100000000001,0.0014243946082458882
VGG,23,PyTorch,PyTorch (mean),PyTorch (std),0.8842899999999998,0.0011103603018840274
VGG,24,PyTorch,PyTorch (mean),PyTorch (std),0.8843400000000001,0.0012076423311560547
VGG,25,PyTorch,PyTorch (mean),PyTorch (std),0.88394,0.0015206577524216323
VGG,26,PyTorch,PyTorch (mean),PyTorch (std),0.88385,0.0019205467971387885
VGG,27,PyTorch,PyTorch (mean),PyTorch (std),0.8843500000000001,0.0014214429288578634
VGG,28,PyTorch,PyTorch (mean),PyTorch (std),0.8841600000000002,0.00123142194230898
VGG,29,PyTorch,PyTorch (mean),PyTorch (std),0.8842000000000001,0.0013638181696985867
VGG,30,PyTorch,PyTorch (mean),PyTorch (std),0.88375,0.0008834591105422035
VGG,31,PyTorch,PyTorch (mean),PyTorch (std),0.88415,0.0016960247639701582
VGG,32,PyTorch,PyTorch (mean),PyTorch (std),0.88397,0.0012083459769453354
VGG,33,PyTorch,PyTorch (mean),PyTorch (std),0.88425,0.0011011357772772715
VGG,34,PyTorch,PyTorch (mean),PyTorch (std),0.88445,0.0014609928131240088
VGG,35,PyTorch,PyTorch (mean),PyTorch (std),0.88397,0.0011118003417880443
VGG,36,PyTorch,PyTorch (mean),PyTorch (std),0.88421,0.0013049521064008355
VGG,37,PyTorch,PyTorch (mean),PyTorch (std),0.8838699999999999,0.0011975391434103297
VGG,38,PyTorch,PyTorch (mean),PyTorch (std),0.8841699999999999,0.0012915494570476297
VGG,39,PyTorch,PyTorch (mean),PyTorch (std),0.8847400000000001,0.001491442255000155
VGG,40,PyTorch,PyTorch (mean),PyTorch (std),0.88479,0.001151911454930457
VGG,41,PyTorch,PyTorch (mean),PyTorch (std),0.8843799999999999,0.0011565465835840568
VGG,42,PyTorch,PyTorch (mean),PyTorch (std),0.88486,0.0004715930449020801
VGG,43,PyTorch,PyTorch (mean),PyTorch (std),0.88422,0.001095262525607453
VGG,44,PyTorch,PyTorch (mean),PyTorch (std),0.88399,0.0008949301648732244
VGG,45,PyTorch,PyTorch (mean),PyTorch (std),0.8843000000000002,0.0010401922899156714
VGG,46,PyTorch,PyTorch (mean),PyTorch (std),0.88393,0.0011730728877610214
VGG,47,PyTorch,PyTorch (mean),PyTorch (std),0.88447,0.0011967038062946148
VGG,48,PyTorch,PyTorch (mean),PyTorch (std),0.8840600000000001,0.0014263239463740325
VGG,49,PyTorch,PyTorch (mean),PyTorch (std),0.8846300000000001,0.0012736168968728542
VGG,50,PyTorch,PyTorch (mean),PyTorch (std),0.88422,0.001367333170810981
LSTM,1,PyTorch,PyTorch (mean),PyTorch (std),0.737096,0.008261206317078244
LSTM,2,PyTorch,PyTorch (mean),PyTorch (std),0.8305200000000001,0.006600581874148174
LSTM,3,PyTorch,PyTorch (mean),PyTorch (std),0.8528453334,0.002967223468227488
LSTM,4,PyTorch,PyTorch (mean),PyTorch (std),0.8672000000000001,0.002449301021742988
LSTM,5,PyTorch,PyTorch (mean),PyTorch (std),0.8782160000999999,0.0048216467449202416
LSTM,6,PyTorch,PyTorch (mean),PyTorch (std),0.890504,0.004284802424072011
LSTM,7,PyTorch,PyTorch (mean),PyTorch (std),0.9056879999999999,0.0066058458891432815
LSTM,8,PyTorch,PyTorch (mean),PyTorch (std),0.9251759999999999,0.007930672554021575
LSTM,9,PyTorch,PyTorch (mean),PyTorch (std),0.9455146665999999,0.0071696625857815615
LSTM,10,PyTorch,PyTorch (mean),PyTorch (std),0.9641733333,0.004961322484714477
LSTM,11,PyTorch,PyTorch (mean),PyTorch (std),0.9767653333,0.004101902933073342
LSTM,12,PyTorch,PyTorch (mean),PyTorch (std),0.9835520001000001,0.0024577582813613123
LSTM,13,PyTorch,PyTorch (mean),PyTorch (std),0.9889146667000001,0.0012805027545286928
LSTM,14,PyTorch,PyTorch (mean),PyTorch (std),0.9903973333,0.001560054862796005
LSTM,15,PyTorch,PyTorch (mean),PyTorch (std),0.9919813333,0.001511040314661857
LSTM,16,PyTorch,PyTorch (mean),PyTorch (std),0.9940773333999999,0.0014949252932356305
LSTM,17,PyTorch,PyTorch (mean),PyTorch (std),0.9943333334,0.0009819164553735995
LSTM,18,PyTorch,PyTorch (mean),PyTorch (std),0.9940559998999999,0.0013039127675662642
LSTM,19,PyTorch,PyTorch (mean),PyTorch (std),0.9960106665999999,0.0013555588091181347
LSTM,20,PyTorch,PyTorch (mean),PyTorch (std),0.9951759998999998,0.0020101591160016506
LSTM,21,PyTorch,PyTorch (mean),PyTorch (std),0.9949653332999999,0.0013014206153789684
LSTM,22,PyTorch,PyTorch (mean),PyTorch (std),0.9960559999999999,0.001402395267786946
LSTM,23,PyTorch,PyTorch (mean),PyTorch (std),0.9955253334,0.0012253210420856348
LSTM,24,PyTorch,PyTorch (mean),PyTorch (std),0.9958346665999999,0.0012610712501502988
LSTM,25,PyTorch,PyTorch (mean),PyTorch (std),0.9958986666999999,0.0016152959180148912
LSTM,26,PyTorch,PyTorch (mean),PyTorch (std),0.9959413332999999,0.0013569010364634653
LSTM,27,PyTorch,PyTorch (mean),PyTorch (std),0.9966079999999999,0.0012560990944631774
LSTM,28,PyTorch,PyTorch (mean),PyTorch (std),0.9968213334,0.0012185120087130114
LSTM,29,PyTorch,PyTorch (mean),PyTorch (std),0.9968880000000002,0.0011862949942292693
LSTM,30,PyTorch,PyTorch (mean),PyTorch (std),0.9966400002,0.0012839383633527564
LSTM,31,PyTorch,PyTorch (mean),PyTorch (std),0.997096,0.0012374856465161312
LSTM,32,PyTorch,PyTorch (mean),PyTorch (std),0.9969386667,0.001348964351262767
LSTM,33,PyTorch,PyTorch (mean),PyTorch (std),0.9963040001000001,0.00121561402339176
LSTM,34,PyTorch,PyTorch (mean),PyTorch (std),0.9972773334999999,0.0010891269714776324
LSTM,35,PyTorch,PyTorch (mean),PyTorch (std),0.9978800000000001,0.0011286806976879753
LSTM,36,PyTorch,PyTorch (mean),PyTorch (std),0.9980026666,0.0012046988265030513
LSTM,37,PyTorch,PyTorch (mean),PyTorch (std),0.9977733333,0.0008774305189333122
LSTM,38,PyTorch,PyTorch (mean),PyTorch (std),0.9968133333999999,0.001366273168066269
LSTM,39,PyTorch,PyTorch (mean),PyTorch (std),0.9980586667000001,0.0007802723898172904
LSTM,40,PyTorch,PyTorch (mean),PyTorch (std),0.9980479999,0.0008826465419659654
LSTM,41,PyTorch,PyTorch (mean),PyTorch (std),0.9971866666,0.0013673655786869332
LSTM,42,PyTorch,PyTorch (mean),PyTorch (std),0.9973893333000001,0.001156020824956637
LSTM,43,PyTorch,PyTorch (mean),PyTorch (std),0.9976426668,0.000982419681851359
LSTM,44,PyTorch,PyTorch (mean),PyTorch (std),0.9973359998,0.0012180828795739416
LSTM,45,PyTorch,PyTorch (mean),PyTorch (std),0.9981146665,0.000982698273123583
LSTM,46,PyTorch,PyTorch (mean),PyTorch (std),0.9984000001,0.0009160300684051056
LSTM,47,PyTorch,PyTorch (mean),PyTorch (std),0.9981973333,0.0013760721656786705
LSTM,48,PyTorch,PyTorch (mean),PyTorch (std),0.9979120001,0.0014372344170663826
LSTM,49,PyTorch,PyTorch (mean),PyTorch (std),0.9975280001,0.0014297933943056606
LSTM,50,PyTorch,PyTorch (mean),PyTorch (std),0.9980853332999999,0.000990464699197093
GRU,1,PyTorch,PyTorch (mean),PyTorch (std),0.7505226666666667,0.0071946272303095235
GRU,2,PyTorch,PyTorch (mean),PyTorch (std),0.8453519999666668,0.005017360670790956
GRU,3,PyTorch,PyTorch (mean),PyTorch (std),0.8672773333333333,0.0055692162281200525
GRU,4,PyTorch,PyTorch (mean),PyTorch (std),0.8825813333333332,0.00577886785682687
GRU,5,PyTorch,PyTorch (mean),PyTorch (std),0.9003520000666667,0.009685631339908735
GRU,6,PyTorch,PyTorch (mean),PyTorch (std),0.9240640000666668,0.012005226634517712
GRU,7,PyTorch,PyTorch (mean),PyTorch (std),0.9490719999666668,0.016974387287057576
GRU,8,PyTorch,PyTorch (mean),PyTorch (std),0.9700159999333332,0.01865910789594068
GRU,9,PyTorch,PyTorch (mean),PyTorch (std),0.9804026666666665,0.014877908920753026
GRU,10,PyTorch,PyTorch (mean),PyTorch (std),0.9872426666333333,0.009666659048603905
GRU,11,PyTorch,PyTorch (mean),PyTorch (std),0.9901546667,0.005741907391211093
GRU,12,PyTorch,PyTorch (mean),PyTorch (std),0.9919413333000001,0.003597031765170331
GRU,13,PyTorch,PyTorch (mean),PyTorch (std),0.9929013333000001,0.002320943857351503
GRU,14,PyTorch,PyTorch (mean),PyTorch (std),0.9943599999666667,0.001673181905764527
GRU,15,PyTorch,PyTorch (mean),PyTorch (std),0.9949360000333334,0.0016690627240194245
GRU,16,PyTorch,PyTorch (mean),PyTorch (std),0.9940640000000001,0.0016452792827426968
GRU,17,PyTorch,PyTorch (mean),PyTorch (std),0.9953733333999999,0.0008727987615837545
GRU,18,PyTorch,PyTorch (mean),PyTorch (std),0.9962799999333333,0.0008520198870918557
GRU,19,PyTorch,PyTorch (mean),PyTorch (std),0.9954693333666667,0.0020071853291612133
GRU,20,PyTorch,PyTorch (mean),PyTorch (std),0.9958240000666665,0.0011419561651053575
GRU,21,PyTorch,PyTorch (mean),PyTorch (std),0.9961093333,0.0010169375666185063
GRU,22,PyTorch,PyTorch (mean),PyTorch (std),0.9955786666333333,0.0011836395368710574
GRU,23,PyTorch,PyTorch (mean),PyTorch (std),0.9961466666333333,0.001250507430872257
GRU,24,PyTorch,PyTorch (mean),PyTorch (std),0.9964826665666667,0.0010066057988662393
GRU,25,PyTorch,PyTorch (mean),PyTorch (std),0.9962880000333332,0.0009823183645053376
GRU,26,PyTorch,PyTorch (mean),PyTorch (std),0.9964773333,0.0011132143049346617
GRU,27,PyTorch,PyTorch (mean),PyTorch (std),0.9970560000333334,0.0012017883018605592
GRU,28,PyTorch,PyTorch (mean),PyTorch (std),0.9963813333333332,0.0012548105401037975
GRU,29,PyTorch,PyTorch (mean),PyTorch (std),0.9963626667333333,0.0007298292461482369
GRU,30,PyTorch,PyTorch (mean),PyTorch (std),0.9966693333666667,0.0010246005547095433
GRU,31,PyTorch,PyTorch (mean),PyTorch (std),0.9967573333,0.0010508290867691338
GRU,32,PyTorch,PyTorch (mean),PyTorch (std),0.9973013332666666,0.0006921837284677874
GRU,33,PyTorch,PyTorch (mean),PyTorch (std),0.9968426666666665,0.0012788439223680762
GRU,34,PyTorch,PyTorch (mean),PyTorch (std),0.9971919999666665,0.0006215164332502248
GRU,35,PyTorch,PyTorch (mean),PyTorch (std),0.9970053332666667,0.0011172696946077935
GRU,36,PyTorch,PyTorch (mean),PyTorch (std),0.9965680000000001,0.0014588910211374567
GRU,37,PyTorch,PyTorch (mean),PyTorch (std),0.996952,0.0014391132788398942
GRU,38,PyTorch,PyTorch (mean),PyTorch (std),0.9972266665999999,0.0013267035298061298
GRU,39,PyTorch,PyTorch (mean),PyTorch (std),0.9972213333666666,0.001451695679893789
GRU,40,PyTorch,PyTorch (mean),PyTorch (std),0.9974426666666668,0.00046776252284444383
GRU,41,PyTorch,PyTorch (mean),PyTorch (std),0.9969386666333333,0.0013483315946919354
GRU,42,PyTorch,PyTorch (mean),PyTorch (std),0.9968399999666667,0.001268798209680685
GRU,43,PyTorch,PyTorch (mean),PyTorch (std),0.9975040000666666,0.0009704761472368116
GRU,44,PyTorch,PyTorch (mean),PyTorch (std),0.9971946667666666,0.0010400546589055314
GRU,45,PyTorch,PyTorch (mean),PyTorch (std),0.9974133333000001,0.00143138162439887
GRU,46,PyTorch,PyTorch (mean),PyTorch (std),0.997208,0.0016730883592260975
GRU,47,PyTorch,PyTorch (mean),PyTorch (std),0.9978479999666666,0.0012733744700510836
GRU,48,PyTorch,PyTorch (mean),PyTorch (std),0.9969759999333332,0.002052508996954153
GRU,49,PyTorch,PyTorch (mean),PyTorch (std),0.9975466667333333,0.0014900917448264555
GRU,50,PyTorch,PyTorch (mean),PyTorch (std),0.9974346666333334,0.0010981876057496636
GRU,51,PyTorch,PyTorch (mean),PyTorch (std),nan,nan
